Datetime,Water Level (m)
2025-05-15 00:00:00,-1.0460134
2025-05-15 01:00:00,-0.52965915
2025-05-15 02:00:00,0.09308131
2025-05-15 03:00:00,0.73990667
2025-05-15 04:00:00,1.096204
2025-05-15 05:00:00,1.2372881
2025-05-15 06:00:00,1.135927
2025-05-15 07:00:00,0.7447864
2025-05-15 08:00:00,0.21645954
2025-05-15 09:00:00,-0.30638564
2025-05-15 10:00:00,-0.65962785
2025-05-15 11:00:00,-0.7959615
2025-05-15 12:00:00,-0.76387113
2025-05-15 13:00:00,-0.54537725
2025-05-15 14:00:00,-0.13111402
2025-05-15 15:00:00,0.3776011
2025-05-15 16:00:00,0.71688694
2025-05-15 17:00:00,0.7781387
2025-05-15 18:00:00,0.6856947
2025-05-15 19:00:00,0.38028553
2025-05-15 20:00:00,-0.0787096
2025-05-15 21:00:00,-0.562746
2025-05-15 22:00:00,-0.8685323
2025-05-15 23:00:00,-1.0565746
2025-05-16 00:00:00,-1.0314311
2025-05-16 01:00:00,-0.692244
2025-05-16 02:00:00,-0.20233588
2025-05-16 03:00:00,0.3900357
2025-05-16 04:00:00,0.8764698
2025-05-16 05:00:00,1.1338621
2025-05-16 06:00:00,1.1799558
2025-05-16 07:00:00,0.96272403
2025-05-16 08:00:00,0.5322246
2025-05-16 09:00:00,0.029762007
2025-05-16 10:00:00,-0.41007748
2025-05-16 11:00:00,-0.6363598
2025-05-16 12:00:00,-0.73059887
2025-05-16 13:00:00,-0.6554117
2025-05-16 14:00:00,-0.39217895
2025-05-16 15:00:00,0.067003645
2025-05-16 16:00:00,0.44934878
2025-05-16 17:00:00,0.6991211
2025-05-16 18:00:00,0.7398793
2025-05-16 19:00:00,0.5423345
2025-05-16 20:00:00,0.17401418
2025-05-16 21:00:00,-0.24703488
2025-05-16 22:00:00,-0.6245971
2025-05-16 23:00:00,-0.8328443
2025-05-17 00:00:00,-0.9544535
2025-05-17 01:00:00,-0.75196177
2025-05-17 02:00:00,-0.4261642
2025-05-17 03:00:00,0.04035881
2025-05-17 04:00:00,0.56485194
2025-05-17 05:00:00,0.9380808
2025-05-17 06:00:00,1.104234
2025-05-17 07:00:00,1.0513656
2025-05-17 08:00:00,0.7857189
2025-05-17 09:00:00,0.37598664
2025-05-17 10:00:00,-0.08266182
2025-05-17 11:00:00,-0.43205193
2025-05-17 12:00:00,-0.58540183
2025-05-17 13:00:00,-0.6455738
2025-05-17 14:00:00,-0.51932883
2025-05-17 15:00:00,-0.18649292
2025-05-17 16:00:00,0.20664263
2025-05-17 17:00:00,0.5361806
2025-05-17 18:00:00,0.6672413
2025-05-17 19:00:00,0.6569118
2025-05-17 20:00:00,0.42820865
2025-05-17 21:00:00,0.074080616
2025-05-17 22:00:00,-0.30624253
2025-05-17 23:00:00,-0.5877769
2025-05-18 00:00:00,-0.7290792
2025-05-18 01:00:00,-0.7133137
2025-05-18 02:00:00,-0.55181545
2025-05-18 03:00:00,-0.22711241
2025-05-18 04:00:00,0.24539055
2025-05-18 05:00:00,0.66507816
2025-05-18 06:00:00,0.9411531
2025-05-18 07:00:00,1.048153
2025-05-18 08:00:00,0.95790356
2025-05-18 09:00:00,0.6808199
2025-05-18 10:00:00,0.300483
2025-05-18 11:00:00,-0.09895388
2025-05-18 12:00:00,-0.38366923
2025-05-18 13:00:00,-0.5189931
2025-05-18 14:00:00,-0.5177262
2025-05-18 15:00:00,-0.36575636
2025-05-18 16:00:00,-0.09958239
2025-05-18 17:00:00,0.2294565
2025-05-18 18:00:00,0.50119257
2025-05-18 19:00:00,0.6308012
2025-05-18 20:00:00,0.60717416
2025-05-18 21:00:00,0.41669002
2025-05-18 22:00:00,0.11253635
2025-05-18 23:00:00,-0.19914246
2025-05-19 00:00:00,-0.4275909
2025-05-19 01:00:00,-0.55227387
2025-05-19 02:00:00,-0.52033633
2025-05-19 03:00:00,-0.3257991
2025-05-19 04:00:00,-0.056278206
2025-05-19 05:00:00,0.28674725
2025-05-19 06:00:00,0.6900007
2025-05-19 07:00:00,0.8931354
2025-05-19 08:00:00,0.9603543
2025-05-19 09:00:00,0.8901772
2025-05-19 10:00:00,0.67143416
2025-05-19 11:00:00,0.30625492
2025-05-19 12:00:00,-0.092143275
2025-05-19 13:00:00,-0.33525982
2025-05-19 14:00:00,-0.48016906
2025-05-19 15:00:00,-0.52280223
2025-05-19 16:00:00,-0.3991201
2025-05-19 17:00:00,-0.14402059
2025-05-19 18:00:00,0.18469216
2025-05-19 19:00:00,0.46912342
2025-05-19 20:00:00,0.61221725
2025-05-19 21:00:00,0.596369
2025-05-19 22:00:00,0.4811991
2025-05-19 23:00:00,0.24313027
2025-05-20 00:00:00,-0.036179226
2025-05-20 01:00:00,-0.3212841
2025-05-20 02:00:00,-0.49063864
2025-05-20 03:00:00,-0.4719051
2025-05-20 04:00:00,-0.3555756
2025-05-20 05:00:00,-0.10413087
2025-05-20 06:00:00,0.2956313
2025-05-20 07:00:00,0.6862937
2025-05-20 08:00:00,0.91820276
2025-05-20 09:00:00,0.9811097
2025-05-20 10:00:00,0.91168106
2025-05-20 11:00:00,0.66543436
2025-05-20 12:00:00,0.31861067
2025-05-20 13:00:00,-0.019378768
2025-05-20 14:00:00,-0.2898131
2025-05-20 15:00:00,-0.46546084
2025-05-20 16:00:00,-0.5099628
2025-05-20 17:00:00,-0.41358742
2025-05-20 18:00:00,-0.17351162
2025-05-20 19:00:00,0.14502464
2025-05-20 20:00:00,0.47661543
2025-05-20 21:00:00,0.657818
2025-05-20 22:00:00,0.73115885
2025-05-20 23:00:00,0.64124197
2025-05-21 00:00:00,0.4256286
